url,size,md5
https://copernicus-dem-30m.s3.amazonaws.com/Copernicus_DSM_COG_10_N20_00_E122_00_DEM/Copernicus_DSM_COG_10_N20_00_E122_00_DEM.tif,159173,36c324ccc6751ac6c99876b9692320ee
https://copernicus-dem-30m.s3.amazonaws.com/Copernicus_DSM_COG_10_N20_00_E136_00_DEM/Copernicus_DSM_COG_10_N20_00_E136_00_DEM.tif,91324,f52e1c0bc025d3e024b17c8a0fcfbb48
https://copernicus-dem-30m.s3.amazonaws.com/Copernicus_DSM_COG_10_N20_00_E144_00_DEM/Copernicus_DSM_COG_10_N20_00_E144_00_DEM.tif,106376,98d23195b2873dc7a28d1757f7e075b3
https://copernicus-dem-30m.s3.amazonaws.com/Copernicus_DSM_COG_10_N20_00_E145_00_DEM/Copernicus_DSM_COG_10_N20_00_E145_00_DEM.tif,110376,ba1e5a3847bab69e210501e5aab81b85
https://copernicus-dem-30m.s3.amazonaws.com/Copernicus_DSM_COG_10_N24_00_E122_00_DEM/Copernicus_DSM_COG_10_N24_00_E122_00_DEM.tif,188406,5fd2b9ad19be923ed6817d2f6013f3d6
https://copernicus-dem-30m.s3.amazonaws.com/Copernicus_DSM_COG_10_N24_00_E123_00_DEM/Copernicus_DSM_COG_10_N24_00_E123_00_DEM.tif,1763050,6ab58be2b96c1d1814aa4262015bd5ff
https://copernicus-dem-30m.s3.amazonaws.com/Copernicus_DSM_COG_10_N24_00_E124_00_DEM/Copernicus_DSM_COG_10_N24_00_E124_00_DEM.tif,1423206,c9430d7e5bd56d0bd2736e78345d00a3
https://copernicus-dem-30m.s3.amazonaws.com/Copernicus_DSM_COG_10_N24_00_E125_00_DEM/Copernicus_DSM_COG_10_N24_00_E125_00_DEM.tif,1131420,16537693030d9bd0e25fe19dd5996df0
https://copernicus-dem-30m.s3.amazonaws.com/Copernicus_DSM_COG_10_N24_00_E131_00_DEM/Copernicus_DSM_COG_10_N24_00_E131_00_DEM.tif,99540,d9e39952a2ce2c347c5097a1260724a2
https://copernicus-dem-30m.s3.amazonaws.com/Copernicus_DSM_COG_10_N24_00_E141_00_DEM/Copernicus_DSM_COG_10_N24_00_E141_00_DEM.tif,219299,01ebf266ff71ecb3332728a0905a1f49
https://copernicus-dem-30m.s3.amazonaws.com/Copernicus_DSM_COG_10_N24_00_E153_00_DEM/Copernicus_DSM_COG_10_N24_00_E153_00_DEM.tif,102746,cdb0f02b94c37b23666c7d41353e434d
https://copernicus-dem-30m.s3.amazonaws.com/Copernicus_DSM_COG_10_N25_00_E122_00_DEM/Copernicus_DSM_COG_10_N25_00_E122_00_DEM.tif,107099,30957f5293dbce29ed2f942ff159a37b
https://copernicus-dem-30m.s3.amazonaws.com/Copernicus_DSM_COG_10_N25_00_E123_00_DEM/Copernicus_DSM_COG_10_N25_00_E123_00_DEM.tif,129015,12c21904ba6e792efcabdbc5be58a468
https://copernicus-dem-30m.s3.amazonaws.com/Copernicus_DSM_COG_10_N25_00_E124_00_DEM/Copernicus_DSM_COG_10_N25_00_E124_00_DEM.tif,92430,050d75edc06a6e3751ebc51e10c5d4ba
https://copernicus-dem-30m.s3.amazonaws.com/Copernicus_DSM_COG_10_N25_00_E131_00_DEM/Copernicus_DSM_COG_10_N25_00_E131_00_DEM.tif,323338,13ba5533da0e35a3057abd6286342e6a
https://copernicus-dem-30m.s3.amazonaws.com/Copernicus_DSM_COG_10_N25_00_E141_00_DEM/Copernicus_DSM_COG_10_N25_00_E141_00_DEM.tif,126238,f3009bec11643e24b6a5b8d63cdcc4fc
https://copernicus-dem-30m.s3.amazonaws.com/Copernicus_DSM_COG_10_N26_00_E126_00_DEM/Copernicus_DSM_COG_10_N26_00_E126_00_DEM.tif,418139,f3b5a630429f6ee7f2b66c5465201ef2
https://copernicus-dem-30m.s3.amazonaws.com/Copernicus_DSM_COG_10_N26_00_E127_00_DEM/Copernicus_DSM_COG_10_N26_00_E127_00_DEM.tif,4544236,4b2f33f5d0856aec6e707ad835d67ed6
https://copernicus-dem-30m.s3.amazonaws.com/Copernicus_DSM_COG_10_N26_00_E128_00_DEM/Copernicus_DSM_COG_10_N26_00_E128_00_DEM.tif,2481737,f4e09778d623a3756b44793ec85f8f44
https://copernicus-dem-30m.s3.amazonaws.com/Copernicus_DSM_COG_10_N26_00_E131_00_DEM/Copernicus_DSM_COG_10_N26_00_E131_00_DEM.tif,91324,292883e30b327275b67041b4f113bf5b
https://copernicus-dem-30m.s3.amazonaws.com/Copernicus_DSM_COG_10_N26_00_E142_00_DEM/Copernicus_DSM_COG_10_N26_00_E142_00_DEM.tif,266274,f7999aea55531672a5f2800206dc4788
https://copernicus-dem-30m.s3.amazonaws.com/Copernicus_DSM_COG_10_N27_00_E127_00_DEM/Copernicus_DSM_COG_10_N27_00_E127_00_DEM.tif,205904,51eba83d2338f392c00c21f5407e152c
https://copernicus-dem-30m.s3.amazonaws.com/Copernicus_DSM_COG_10_N27_00_E128_00_DEM/Copernicus_DSM_COG_10_N27_00_E128_00_DEM.tif,1817264,32707e00ffaddc2a137def6a299799e0
https://copernicus-dem-30m.s3.amazonaws.com/Copernicus_DSM_COG_10_N27_00_E129_00_DEM/Copernicus_DSM_COG_10_N27_00_E129_00_DEM.tif,228371,f2d02ae109e8ac5a72d12b29fe54bf87
https://copernicus-dem-30m.s3.amazonaws.com/Copernicus_DSM_COG_10_N27_00_E140_00_DEM/Copernicus_DSM_COG_10_N27_00_E140_00_DEM.tif,93702,7eba0b79070b9abefca8c5d8a3c4dfb2
https://copernicus-dem-30m.s3.amazonaws.com/Copernicus_DSM_COG_10_N27_00_E142_00_DEM/Copernicus_DSM_COG_10_N27_00_E142_00_DEM.tif,380480,3a0f5819d46bb74491f89cedbedd1e57
https://copernicus-dem-30m.s3.amazonaws.com/Copernicus_DSM_COG_10_N28_00_E122_00_DEM/Copernicus_DSM_COG_10_N28_00_E122_00_DEM.tif,108027,c3f3ba6765b135abfdc1b7a70d98a55e
https://copernicus-dem-30m.s3.amazonaws.com/Copernicus_DSM_COG_10_N28_00_E128_00_DEM/Copernicus_DSM_COG_10_N28_00_E128_00_DEM.tif,110344,9775d01f43692dc4eb3abc34368dd9df
https://copernicus-dem-30m.s3.amazonaws.com/Copernicus_DSM_COG_10_N28_00_E129_00_DEM/Copernicus_DSM_COG_10_N28_00_E129_00_DEM.tif,4626020,cf8c9fbe6ddf89308a1d41a7ead6a489
https://copernicus-dem-30m.s3.amazonaws.com/Copernicus_DSM_COG_10_N28_00_E130_00_DEM/Copernicus_DSM_COG_10_N28_00_E130_00_DEM.tif,166414,bf2bc7a38e5cf4d74703fd8751ea54f6
https://copernicus-dem-30m.s3.amazonaws.com/Copernicus_DSM_COG_10_N29_00_E122_00_DEM/Copernicus_DSM_COG_10_N29_00_E122_00_DEM.tif,3125062,8ab128268d2007e57f44a9b63863f98d
https://copernicus-dem-30m.s3.amazonaws.com/Copernicus_DSM_COG_10_N29_00_E129_00_DEM/Copernicus_DSM_COG_10_N29_00_E129_00_DEM.tif,653404,8ba977f7457ab2f2d45ad5f7b3e0d65d
https://copernicus-dem-30m.s3.amazonaws.com/Copernicus_DSM_COG_10_N30_00_E122_00_DEM/Copernicus_DSM_COG_10_N30_00_E122_00_DEM.tif,4613410,56af5c7f83d21786fde8451bc891bcde
https://copernicus-dem-30m.s3.amazonaws.com/Copernicus_DSM_COG_10_N30_00_E129_00_DEM/Copernicus_DSM_COG_10_N30_00_E129_00_DEM.tif,194168,139a5aa050860920b3f549aeb47fa350
https://copernicus-dem-30m.s3.amazonaws.com/Copernicus_DSM_COG_10_N30_00_E130_00_DEM/Copernicus_DSM_COG_10_N30_00_E130_00_DEM.tif,4294429,3d440ad18fb06fb73a277322c1ebb8c3
https://copernicus-dem-30m.s3.amazonaws.com/Copernicus_DSM_COG_10_N30_00_E131_00_DEM/Copernicus_DSM_COG_10_N30_00_E131_00_DEM.tif,976887,994b647a625ab27d37570b6fc6b69038
https://copernicus-dem-30m.s3.amazonaws.com/Copernicus_DSM_COG_10_N30_00_E140_00_DEM/Copernicus_DSM_COG_10_N30_00_E140_00_DEM.tif,120476,650365860a489d7035e159f4df7fa777
https://copernicus-dem-30m.s3.amazonaws.com/Copernicus_DSM_COG_10_N31_00_E122_00_DEM/Copernicus_DSM_COG_10_N31_00_E122_00_DEM.tif,96105,bd8251e46fdf9935a89e3d5b46daecc2
https://copernicus-dem-30m.s3.amazonaws.com/Copernicus_DSM_COG_10_N31_00_E128_00_DEM/Copernicus_DSM_COG_10_N31_00_E128_00_DEM.tif,96937,3f44699326a5aaace175272f7124940e
https://copernicus-dem-30m.s3.amazonaws.com/Copernicus_DSM_COG_10_N31_00_E129_00_DEM/Copernicus_DSM_COG_10_N31_00_E129_00_DEM.tif,811387,c6264b4abdd7fe1199b63a76ba55b63c
https://copernicus-dem-30m.s3.amazonaws.com/Copernicus_DSM_COG_10_N31_00_E130_00_DEM/Copernicus_DSM_COG_10_N31_00_E130_00_DEM.tif,27225889,fb0cee85d8851a020e51b79efa3afff3
https://copernicus-dem-30m.s3.amazonaws.com/Copernicus_DSM_COG_10_N31_00_E131_00_DEM/Copernicus_DSM_COG_10_N31_00_E131_00_DEM.tif,13613160,3f75c06ae8439a22cf0dea6dc2666315
https://copernicus-dem-30m.s3.amazonaws.com/Copernicus_DSM_COG_10_N31_00_E139_00_DEM/Copernicus_DSM_COG_10_N31_00_E139_00_DEM.tif,91723,178d2880ccc7240c1964dafa91775908
https://copernicus-dem-30m.s3.amazonaws.com/Copernicus_DSM_COG_10_N31_00_E140_00_DEM/Copernicus_DSM_COG_10_N31_00_E140_00_DEM.tif,91755,4ca079e131d11e56f67c89ad243bcbcd
https://copernicus-dem-30m.s3.amazonaws.com/Copernicus_DSM_COG_10_N32_00_E128_00_DEM/Copernicus_DSM_COG_10_N32_00_E128_00_DEM.tif,2630521,243d82bda59e40e52c843ab587595bda
https://copernicus-dem-30m.s3.amazonaws.com/Copernicus_DSM_COG_10_N32_00_E129_00_DEM/Copernicus_DSM_COG_10_N32_00_E129_00_DEM.tif,5040913,c14462c7629ef9ec5dd2591443ba52f4
https://copernicus-dem-30m.s3.amazonaws.com/Copernicus_DSM_COG_10_N32_00_E130_00_DEM/Copernicus_DSM_COG_10_N32_00_E130_00_DEM.tif,36263958,b458e357b1c1599b1fbb3f1465822a5d
https://copernicus-dem-30m.s3.amazonaws.com/Copernicus_DSM_COG_10_N32_00_E131_00_DEM/Copernicus_DSM_COG_10_N32_00_E131_00_DEM.tif,35222026,ffbedf190e0d3d4a176cb58be25715a4
https://copernicus-dem-30m.s3.amazonaws.com/Copernicus_DSM_COG_10_N32_00_E132_00_DEM/Copernicus_DSM_COG_10_N32_00_E132_00_DEM.tif,4921630,674e437c73b063495a77b0bae0066489
https://copernicus-dem-30m.s3.amazonaws.com/Copernicus_DSM_COG_10_N32_00_E133_00_DEM/Copernicus_DSM_COG_10_N32_00_E133_00_DEM.tif,186729,7d3a9166629418a05e5138115644d1c0
https://copernicus-dem-30m.s3.amazonaws.com/Copernicus_DSM_COG_10_N32_00_E139_00_DEM/Copernicus_DSM_COG_10_N32_00_E139_00_DEM.tif,128032,c5044e921d1937831b9e15c5951ef54b
https://copernicus-dem-30m.s3.amazonaws.com/Copernicus_DSM_COG_10_N33_00_E126_00_DEM/Copernicus_DSM_COG_10_N33_00_E126_00_DEM.tif,8820433,5073cd91d5d08b4f28dd2cd54b41ccbf
https://copernicus-dem-30m.s3.amazonaws.com/Copernicus_DSM_COG_10_N33_00_E128_00_DEM/Copernicus_DSM_COG_10_N33_00_E128_00_DEM.tif,105848,f302d4d78ea14172cf89e8636875b364
https://copernicus-dem-30m.s3.amazonaws.com/Copernicus_DSM_COG_10_N33_00_E129_00_DEM/Copernicus_DSM_COG_10_N33_00_E129_00_DEM.tif,11116872,62c493c1105b5335e38ecb657cc91413
https://copernicus-dem-30m.s3.amazonaws.com/Copernicus_DSM_COG_10_N33_00_E130_00_DEM/Copernicus_DSM_COG_10_N33_00_E130_00_DEM.tif,37476173,712d9f638bab97e618b3233f668a80ba
https://copernicus-dem-30m.s3.amazonaws.com/Copernicus_DSM_COG_10_N33_00_E131_00_DEM/Copernicus_DSM_COG_10_N33_00_E131_00_DEM.tif,24989710,d7c684eee582e457a2cd669a992a31cd
https://copernicus-dem-30m.s3.amazonaws.com/Copernicus_DSM_COG_10_N33_00_E132_00_DEM/Copernicus_DSM_COG_10_N33_00_E132_00_DEM.tif,26392554,1609d8c87974820c9c5e12c0831cb445
https://copernicus-dem-30m.s3.amazonaws.com/Copernicus_DSM_COG_10_N33_00_E133_00_DEM/Copernicus_DSM_COG_10_N33_00_E133_00_DEM.tif,29873432,abb7c752e03af7546b312671aab84265
https://copernicus-dem-30m.s3.amazonaws.com/Copernicus_DSM_COG_10_N33_00_E134_00_DEM/Copernicus_DSM_COG_10_N33_00_E134_00_DEM.tif,15284123,8daf86b1a0cc51d4f63bcf02a03e60fd
https://copernicus-dem-30m.s3.amazonaws.com/Copernicus_DSM_COG_10_N33_00_E135_00_DEM/Copernicus_DSM_COG_10_N33_00_E135_00_DEM.tif,17864383,82202dc933133ee7d1a0a81c7549c103
https://copernicus-dem-30m.s3.amazonaws.com/Copernicus_DSM_COG_10_N33_00_E136_00_DEM/Copernicus_DSM_COG_10_N33_00_E136_00_DEM.tif,1731728,b89b8780176f39dfdaa60687717fd5a1
https://copernicus-dem-30m.s3.amazonaws.com/Copernicus_DSM_COG_10_N33_00_E138_00_DEM/Copernicus_DSM_COG_10_N33_00_E138_00_DEM.tif,91684,6055fa3872f4c9c8feb06d90d0e22851
https://copernicus-dem-30m.s3.amazonaws.com/Copernicus_DSM_COG_10_N33_00_E139_00_DEM/Copernicus_DSM_COG_10_N33_00_E139_00_DEM.tif,603028,9f33131f4d17868580dd202ae32c2e3d
https://copernicus-dem-30m.s3.amazonaws.com/Copernicus_DSM_COG_10_N34_00_E125_00_DEM/Copernicus_DSM_COG_10_N34_00_E125_00_DEM.tif,1395399,4fc4c539687ccf0ec16b4f6a77d1436f
https://copernicus-dem-30m.s3.amazonaws.com/Copernicus_DSM_COG_10_N34_00_E126_00_DEM/Copernicus_DSM_COG_10_N34_00_E126_00_DEM.tif,26025882,89f1f857f215f949d06fcdbbf6392c23
https://copernicus-dem-30m.s3.amazonaws.com/Copernicus_DSM_COG_10_N34_00_E127_00_DEM/Copernicus_DSM_COG_10_N34_00_E127_00_DEM.tif,17762299,6094fe235f766ab0279face05d9ef6e3
https://copernicus-dem-30m.s3.amazonaws.com/Copernicus_DSM_COG_10_N34_00_E128_00_DEM/Copernicus_DSM_COG_10_N34_00_E128_00_DEM.tif,5970354,4e2191e9356d80a8e0f74d4a0d472c39
https://copernicus-dem-30m.s3.amazonaws.com/Copernicus_DSM_COG_10_N34_00_E129_00_DEM/Copernicus_DSM_COG_10_N34_00_E129_00_DEM.tif,4158318,368695e7f25e29a848c03e2a1cf271b9
https://copernicus-dem-30m.s3.amazonaws.com/Copernicus_DSM_COG_10_N34_00_E130_00_DEM/Copernicus_DSM_COG_10_N34_00_E130_00_DEM.tif,2216269,a201eae6c17c90ff527a33041e9a191a
https://copernicus-dem-30m.s3.amazonaws.com/Copernicus_DSM_COG_10_N34_00_E131_00_DEM/Copernicus_DSM_COG_10_N34_00_E131_00_DEM.tif,27562115,c60bf14311e3fb01a1310ae2c1f72716
https://copernicus-dem-30m.s3.amazonaws.com/Copernicus_DSM_COG_10_N34_00_E132_00_DEM/Copernicus_DSM_COG_10_N34_00_E132_00_DEM.tif,40133629,fb863e28a88c6b0ca0f418ff9cd6be77
https://copernicus-dem-30m.s3.amazonaws.com/Copernicus_DSM_COG_10_N34_00_E133_00_DEM/Copernicus_DSM_COG_10_N34_00_E133_00_DEM.tif,36493664,048b2fab23d7b1eb3518afb1791c7197
https://copernicus-dem-30m.s3.amazonaws.com/Copernicus_DSM_COG_10_N34_00_E134_00_DEM/Copernicus_DSM_COG_10_N34_00_E134_00_DEM.tif,28800283,607cdf233e914f8bde0c068cfcc45aad
https://copernicus-dem-30m.s3.amazonaws.com/Copernicus_DSM_COG_10_N34_00_E135_00_DEM/Copernicus_DSM_COG_10_N34_00_E135_00_DEM.tif,41929544,14c8ea7b30d96baa91c96056df1747a8
https://copernicus-dem-30m.s3.amazonaws.com/Copernicus_DSM_COG_10_N34_00_E136_00_DEM/Copernicus_DSM_COG_10_N34_00_E136_00_DEM.tif,31745994,7444787c2e753e3901a681c1aeec2a1c
https://copernicus-dem-30m.s3.amazonaws.com/Copernicus_DSM_COG_10_N34_00_E137_00_DEM/Copernicus_DSM_COG_10_N34_00_E137_00_DEM.tif,16031909,d1194dd93521fc489438736b38ff5c22
https://copernicus-dem-30m.s3.amazonaws.com/Copernicus_DSM_COG_10_N34_00_E138_00_DEM/Copernicus_DSM_COG_10_N34_00_E138_00_DEM.tif,10540569,fb24c26006c673ee6ff09a641b051b8b
https://copernicus-dem-30m.s3.amazonaws.com/Copernicus_DSM_COG_10_N34_00_E139_00_DEM/Copernicus_DSM_COG_10_N34_00_E139_00_DEM.tif,3199482,84f57dfe70a140edf76d695ec36b6cef
https://copernicus-dem-30m.s3.amazonaws.com/Copernicus_DSM_COG_10_N35_00_E125_00_DEM/Copernicus_DSM_COG_10_N35_00_E125_00_DEM.tif,132624,7f25a5c46319f0439ad13f81b0878c0c
https://copernicus-dem-30m.s3.amazonaws.com/Copernicus_DSM_COG_10_N35_00_E126_00_DEM/Copernicus_DSM_COG_10_N35_00_E126_00_DEM.tif,28862336,15bd01098e7cd31ac3ea85a572035ddd
https://copernicus-dem-30m.s3.amazonaws.com/Copernicus_DSM_COG_10_N35_00_E127_00_DEM/Copernicus_DSM_COG_10_N35_00_E127_00_DEM.tif,48350062,ac1b1a16336add7e135baccdb5554eb9
https://copernicus-dem-30m.s3.amazonaws.com/Copernicus_DSM_COG_10_N35_00_E128_00_DEM/Copernicus_DSM_COG_10_N35_00_E128_00_DEM.tif,48282057,500a693aa82822a57647d85b467712f9
https://copernicus-dem-30m.s3.amazonaws.com/Copernicus_DSM_COG_10_N35_00_E129_00_DEM/Copernicus_DSM_COG_10_N35_00_E129_00_DEM.tif,18359741,4db70677e2c99949b42dacf9647da4d1
https://copernicus-dem-30m.s3.amazonaws.com/Copernicus_DSM_COG_10_N35_00_E132_00_DEM/Copernicus_DSM_COG_10_N35_00_E132_00_DEM.tif,12219134,7dee45c8fffdb63b14cb6125029ee10d
https://copernicus-dem-30m.s3.amazonaws.com/Copernicus_DSM_COG_10_N35_00_E133_00_DEM/Copernicus_DSM_COG_10_N35_00_E133_00_DEM.tif,24959602,7c9a7851560cf243af65586282ef269c
https://copernicus-dem-30m.s3.amazonaws.com/Copernicus_DSM_COG_10_N35_00_E134_00_DEM/Copernicus_DSM_COG_10_N35_00_E134_00_DEM.tif,30379878,0a22e6aad894e0f52829bcae4ecc01e5
https://copernicus-dem-30m.s3.amazonaws.com/Copernicus_DSM_COG_10_N35_00_E135_00_DEM/Copernicus_DSM_COG_10_N35_00_E135_00_DEM.tif,29619470,8a8224331dda4d513e30e6675a85d02d
https://copernicus-dem-30m.s3.amazonaws.com/Copernicus_DSM_COG_10_N35_00_E136_00_DEM/Copernicus_DSM_COG_10_N35_00_E136_00_DEM.tif,45700282,d4ed3e275b6eacc12fef083e1d4bf5d1
https://copernicus-dem-30m.s3.amazonaws.com/Copernicus_DSM_COG_10_N35_00_E137_00_DEM/Copernicus_DSM_COG_10_N35_00_E137_00_DEM.tif,46186751,b35c81286127c16d89d24393587f5bb9
https://copernicus-dem-30m.s3.amazonaws.com/Copernicus_DSM_COG_10_N35_00_E138_00_DEM/Copernicus_DSM_COG_10_N35_00_E138_00_DEM.tif,43412544,a5594b22d720064af93ce1d3be66a4a4
https://copernicus-dem-30m.s3.amazonaws.com/Copernicus_DSM_COG_10_N35_00_E139_00_DEM/Copernicus_DSM_COG_10_N35_00_E139_00_DEM.tif,36863907,1e0020384f857e90e0ecf3ecc806f28c
https://copernicus-dem-30m.s3.amazonaws.com/Copernicus_DSM_COG_10_N35_00_E140_00_DEM/Copernicus_DSM_COG_10_N35_00_E140_00_DEM.tif,25308253,68823b3d88728046bd2167ad165139bd
https://copernicus-dem-30m.s3.amazonaws.com/Copernicus_DSM_COG_10_N36_00_E122_00_DEM/Copernicus_DSM_COG_10_N36_00_E122_00_DEM.tif,3118636,64f8c9eb42da49a0f61010927f8ef1ca
https://copernicus-dem-30m.s3.amazonaws.com/Copernicus_DSM_COG_10_N36_00_E125_00_DEM/Copernicus_DSM_COG_10_N36_00_E125_00_DEM.tif,146640,f056868c352daf2efedcfe4760286c0d
https://copernicus-dem-30m.s3.amazonaws.com/Copernicus_DSM_COG_10_N36_00_E126_00_DEM/Copernicus_DSM_COG_10_N36_00_E126_00_DEM.tif,31029477,43d51f32ac6061876502f5de52f18f19
https://copernicus-dem-30m.s3.amazonaws.com/Copernicus_DSM_COG_10_N36_00_E127_00_DEM/Copernicus_DSM_COG_10_N36_00_E127_00_DEM.tif,49583060,4862a6502ac485e86dbb17e2759f1a4f
https://copernicus-dem-30m.s3.amazonaws.com/Copernicus_DSM_COG_10_N36_00_E128_00_DEM/Copernicus_DSM_COG_10_N36_00_E128_00_DEM.tif,48490284,dd7d2686f62bf63d2b6d0980cb3e238f
https://copernicus-dem-30m.s3.amazonaws.com/Copernicus_DSM_COG_10_N36_00_E129_00_DEM/Copernicus_DSM_COG_10_N36_00_E129_00_DEM.tif,21247924,cd80409944505fb907528100ee6f2be9
https://copernicus-dem-30m.s3.amazonaws.com/Copernicus_DSM_COG_10_N36_00_E132_00_DEM/Copernicus_DSM_COG_10_N36_00_E132_00_DEM.tif,219090,470ab562bdcc365da47d779b46db723c
https://copernicus-dem-30m.s3.amazonaws.com/Copernicus_DSM_COG_10_N36_00_E133_00_DEM/Copernicus_DSM_COG_10_N36_00_E133_00_DEM.tif,1971393,3cd9236da8c366021806b2d2dd0ee753
https://copernicus-dem-30m.s3.amazonaws.com/Copernicus_DSM_COG_10_N36_00_E135_00_DEM/Copernicus_DSM_COG_10_N36_00_E135_00_DEM.tif,112979,798006d7b84fd96241c449764dd9f187
https://copernicus-dem-30m.s3.amazonaws.com/Copernicus_DSM_COG_10_N36_00_E136_00_DEM/Copernicus_DSM_COG_10_N36_00_E136_00_DEM.tif,27593978,13c20b3ac6db7c582d11c2e830c3baaa
https://copernicus-dem-30m.s3.amazonaws.com/Copernicus_DSM_COG_10_N36_00_E137_00_DEM/Copernicus_DSM_COG_10_N36_00_E137_00_DEM.tif,41148203,6b5655e45439551d103b38c94c44ff93
https://copernicus-dem-30m.s3.amazonaws.com/Copernicus_DSM_COG_10_N36_00_E138_00_DEM/Copernicus_DSM_COG_10_N36_00_E138_00_DEM.tif,44452048,990c02e5fb403cfc6898f0fa936fbcdf
https://copernicus-dem-30m.s3.amazonaws.com/Copernicus_DSM_COG_10_N36_00_E139_00_DEM/Copernicus_DSM_COG_10_N36_00_E139_00_DEM.tif,47002306,d420928792acfd7a9c6fe350b776916c
https://copernicus-dem-30m.s3.amazonaws.com/Copernicus_DSM_COG_10_N36_00_E140_00_DEM/Copernicus_DSM_COG_10_N36_00_E140_00_DEM.tif,33541817,ae5df695ec2199ec1a1b708c72888359
https://copernicus-dem-30m.s3.amazonaws.com/Copernicus_DSM_COG_10_N37_00_E122_00_DEM/Copernicus_DSM_COG_10_N37_00_E122_00_DEM.tif,12653431,adc71bc3c8c6a92e468c171f7a0ecfe7
https://copernicus-dem-30m.s3.amazonaws.com/Copernicus_DSM_COG_10_N37_00_E124_00_DEM/Copernicus_DSM_COG_10_N37_00_E124_00_DEM.tif,577794,fd9dfc9daafe2d22af13a383cfc29d03
https://copernicus-dem-30m.s3.amazonaws.com/Copernicus_DSM_COG_10_N37_00_E125_00_DEM/Copernicus_DSM_COG_10_N37_00_E125_00_DEM.tif,8307868,d598e39577d3d49789a7e3678c0ca5a0
https://copernicus-dem-30m.s3.amazonaws.com/Copernicus_DSM_COG_10_N37_00_E126_00_DEM/Copernicus_DSM_COG_10_N37_00_E126_00_DEM.tif,29862574,e4cbc0206e530a2e7919deca4d0a0e95
https://copernicus-dem-30m.s3.amazonaws.com/Copernicus_DSM_COG_10_N37_00_E127_00_DEM/Copernicus_DSM_COG_10_N37_00_E127_00_DEM.tif,49403795,867f1837b89940cb1c8d27e20debc92f
https://copernicus-dem-30m.s3.amazonaws.com/Copernicus_DSM_COG_10_N37_00_E128_00_DEM/Copernicus_DSM_COG_10_N37_00_E128_00_DEM.tif,45141829,70b5a10cfcfa45d800f3d7d8b31b026f
https://copernicus-dem-30m.s3.amazonaws.com/Copernicus_DSM_COG_10_N37_00_E129_00_DEM/Copernicus_DSM_COG_10_N37_00_E129_00_DEM.tif,8758373,3e9c81d0543ad35e91fb045557d9675d
https://copernicus-dem-30m.s3.amazonaws.com/Copernicus_DSM_COG_10_N37_00_E130_00_DEM/Copernicus_DSM_COG_10_N37_00_E130_00_DEM.tif,516549,c15b2a3a8baf78b709e9aebbfaf0e18b
https://copernicus-dem-30m.s3.amazonaws.com/Copernicus_DSM_COG_10_N37_00_E131_00_DEM/Copernicus_DSM_COG_10_N37_00_E131_00_DEM.tif,94228,51ca472c4e0eb56230e1fe1d1685ccae
https://copernicus-dem-30m.s3.amazonaws.com/Copernicus_DSM_COG_10_N37_00_E136_00_DEM/Copernicus_DSM_COG_10_N37_00_E136_00_DEM.tif,5305443,af2d12d3cacdda0af646a5155e7028c6
https://copernicus-dem-30m.s3.amazonaws.com/Copernicus_DSM_COG_10_N37_00_E137_00_DEM/Copernicus_DSM_COG_10_N37_00_E137_00_DEM.tif,4543812,fabb0a8eb86b1d18bbe4c202010ceb54
https://copernicus-dem-30m.s3.amazonaws.com/Copernicus_DSM_COG_10_N37_00_E138_00_DEM/Copernicus_DSM_COG_10_N37_00_E138_00_DEM.tif,23501788,1e750cfab5210f1799efb4ef28786dac
https://copernicus-dem-30m.s3.amazonaws.com/Copernicus_DSM_COG_10_N37_00_E139_00_DEM/Copernicus_DSM_COG_10_N37_00_E139_00_DEM.tif,46751636,bd05beca8b3955177f53f4657b73397f
https://copernicus-dem-30m.s3.amazonaws.com/Copernicus_DSM_COG_10_N37_00_E140_00_DEM/Copernicus_DSM_COG_10_N37_00_E140_00_DEM.tif,45855635,2660270abccebc9cb2aadf3a44fe85d6
https://copernicus-dem-30m.s3.amazonaws.com/Copernicus_DSM_COG_10_N37_00_E141_00_DEM/Copernicus_DSM_COG_10_N37_00_E141_00_DEM.tif,969651,86f10bd8a8369b788b0e6164f86b0a58
https://copernicus-dem-30m.s3.amazonaws.com/Copernicus_DSM_COG_10_N38_00_E124_00_DEM/Copernicus_DSM_COG_10_N38_00_E124_00_DEM.tif,3342624,91ac9214c7fcfb66598bc3c717161cee
https://copernicus-dem-30m.s3.amazonaws.com/Copernicus_DSM_COG_10_N38_00_E125_00_DEM/Copernicus_DSM_COG_10_N38_00_E125_00_DEM.tif,45858273,98079ab1631e8ba0d89d207f4aa84d2f
https://copernicus-dem-30m.s3.amazonaws.com/Copernicus_DSM_COG_10_N38_00_E126_00_DEM/Copernicus_DSM_COG_10_N38_00_E126_00_DEM.tif,49183981,d27a9540e8b85219d476adc1093b7faa
https://copernicus-dem-30m.s3.amazonaws.com/Copernicus_DSM_COG_10_N38_00_E127_00_DEM/Copernicus_DSM_COG_10_N38_00_E127_00_DEM.tif,46332224,2859409ef8706a23afdc999018fb5a0b
https://copernicus-dem-30m.s3.amazonaws.com/Copernicus_DSM_COG_10_N38_00_E128_00_DEM/Copernicus_DSM_COG_10_N38_00_E128_00_DEM.tif,18904152,ba9fc41c9abc7d2fa44de53f65921fef
https://copernicus-dem-30m.s3.amazonaws.com/Copernicus_DSM_COG_10_N38_00_E138_00_DEM/Copernicus_DSM_COG_10_N38_00_E138_00_DEM.tif,2988091,7abb2b5578a8f78b884164b358ff050f
https://copernicus-dem-30m.s3.amazonaws.com/Copernicus_DSM_COG_10_N38_00_E139_00_DEM/Copernicus_DSM_COG_10_N38_00_E139_00_DEM.tif,22139474,d12940d227af64672e0d3485570e1432
https://copernicus-dem-30m.s3.amazonaws.com/Copernicus_DSM_COG_10_N38_00_E140_00_DEM/Copernicus_DSM_COG_10_N38_00_E140_00_DEM.tif,47366583,fa0f9ee73bc8a78b52ec10e0aafe0685
https://copernicus-dem-30m.s3.amazonaws.com/Copernicus_DSM_COG_10_N38_00_E141_00_DEM/Copernicus_DSM_COG_10_N38_00_E141_00_DEM.tif,18477305,91079fad1263160545dca94975643356
https://copernicus-dem-30m.s3.amazonaws.com/Copernicus_DSM_COG_10_N39_00_E122_00_DEM/Copernicus_DSM_COG_10_N39_00_E122_00_DEM.tif,29492154,cf7679fb8c973540ea9010251b27a547
https://copernicus-dem-30m.s3.amazonaws.com/Copernicus_DSM_COG_10_N39_00_E123_00_DEM/Copernicus_DSM_COG_10_N39_00_E123_00_DEM.tif,12013127,4bd2e112d5c96c5bc7afb4023aa5bcf0
https://copernicus-dem-30m.s3.amazonaws.com/Copernicus_DSM_COG_10_N39_00_E124_00_DEM/Copernicus_DSM_COG_10_N39_00_E124_00_DEM.tif,13250100,a17b17168757a5630836c8ee84dafd3c
https://copernicus-dem-30m.s3.amazonaws.com/Copernicus_DSM_COG_10_N39_00_E125_00_DEM/Copernicus_DSM_COG_10_N39_00_E125_00_DEM.tif,40719607,f95c82ae83b26cf72be2d2179ea1f3f3
https://copernicus-dem-30m.s3.amazonaws.com/Copernicus_DSM_COG_10_N39_00_E126_00_DEM/Copernicus_DSM_COG_10_N39_00_E126_00_DEM.tif,47757201,68a4e409add9acc0f3599ec90a66f330
https://copernicus-dem-30m.s3.amazonaws.com/Copernicus_DSM_COG_10_N39_00_E127_00_DEM/Copernicus_DSM_COG_10_N39_00_E127_00_DEM.tif,29825339,ef43dc7c70ff5dd65f6a56fd53cd3144
https://copernicus-dem-30m.s3.amazonaws.com/Copernicus_DSM_COG_10_N39_00_E128_00_DEM/Copernicus_DSM_COG_10_N39_00_E128_00_DEM.tif,136662,fc275174714f21029dee2ea606df56b9
https://copernicus-dem-30m.s3.amazonaws.com/Copernicus_DSM_COG_10_N39_00_E139_00_DEM/Copernicus_DSM_COG_10_N39_00_E139_00_DEM.tif,3462822,fd5f241daed713bd685173f9b36a70d5
https://copernicus-dem-30m.s3.amazonaws.com/Copernicus_DSM_COG_10_N39_00_E140_00_DEM/Copernicus_DSM_COG_10_N39_00_E140_00_DEM.tif,47027771,1197ae1db33dc8a3a0fce55cfa87ffbe
https://copernicus-dem-30m.s3.amazonaws.com/Copernicus_DSM_COG_10_N39_00_E141_00_DEM/Copernicus_DSM_COG_10_N39_00_E141_00_DEM.tif,44709442,24403ebda108f057862d14483bd657ef
https://copernicus-dem-30m.s3.amazonaws.com/Copernicus_DSM_COG_10_N39_00_E142_00_DEM/Copernicus_DSM_COG_10_N39_00_E142_00_DEM.tif,594721,a434a9a70bf1c386f4330d61475b1dbf
https://copernicus-dem-30m.s3.amazonaws.com/Copernicus_DSM_COG_10_N40_00_E122_00_DEM/Copernicus_DSM_COG_10_N40_00_E122_00_DEM.tif,44975924,478ac270a409acf8ab6f94f94f5b08af
https://copernicus-dem-30m.s3.amazonaws.com/Copernicus_DSM_COG_10_N40_00_E123_00_DEM/Copernicus_DSM_COG_10_N40_00_E123_00_DEM.tif,48374344,e3f1420bb377a2aebd7f5253c76f3822
https://copernicus-dem-30m.s3.amazonaws.com/Copernicus_DSM_COG_10_N40_00_E124_00_DEM/Copernicus_DSM_COG_10_N40_00_E124_00_DEM.tif,48416238,0fa18ea8e00f69934cce73797214a27c
https://copernicus-dem-30m.s3.amazonaws.com/Copernicus_DSM_COG_10_N40_00_E125_00_DEM/Copernicus_DSM_COG_10_N40_00_E125_00_DEM.tif,46819719,92ef3ac5246e12ccdce602e084402043
https://copernicus-dem-30m.s3.amazonaws.com/Copernicus_DSM_COG_10_N40_00_E126_00_DEM/Copernicus_DSM_COG_10_N40_00_E126_00_DEM.tif,45108775,35746b380f64f56f0dbd3a03c6ecdeab
https://copernicus-dem-30m.s3.amazonaws.com/Copernicus_DSM_COG_10_N40_00_E127_00_DEM/Copernicus_DSM_COG_10_N40_00_E127_00_DEM.tif,43110819,1b29265c1bc3c8a7bb0942ab6eb9814f
https://copernicus-dem-30m.s3.amazonaws.com/Copernicus_DSM_COG_10_N40_00_E128_00_DEM/Copernicus_DSM_COG_10_N40_00_E128_00_DEM.tif,37309018,260b65e17a1d0f69be63a849bf2b15db
https://copernicus-dem-30m.s3.amazonaws.com/Copernicus_DSM_COG_10_N40_00_E129_00_DEM/Copernicus_DSM_COG_10_N40_00_E129_00_DEM.tif,10618090,366fff01d3a9395ac04bb589a04d8f10
https://copernicus-dem-30m.s3.amazonaws.com/Copernicus_DSM_COG_10_N40_00_E139_00_DEM/Copernicus_DSM_COG_10_N40_00_E139_00_DEM.tif,1818729,9473a6ab27bad44635b8bc9d8cc20dfe
https://copernicus-dem-30m.s3.amazonaws.com/Copernicus_DSM_COG_10_N40_00_E140_00_DEM/Copernicus_DSM_COG_10_N40_00_E140_00_DEM.tif,43760273,a09af98884474c9126aa2caf2d618d13
https://copernicus-dem-30m.s3.amazonaws.com/Copernicus_DSM_COG_10_N40_00_E141_00_DEM/Copernicus_DSM_COG_10_N40_00_E141_00_DEM.tif,28741668,dd91a987417ceb3ccd36c84cfa9067a9
https://copernicus-dem-30m.s3.amazonaws.com/Copernicus_DSM_COG_10_N41_00_E122_00_DEM/Copernicus_DSM_COG_10_N41_00_E122_00_DEM.tif,49204949,81714121cb9df36b172aaf88e8b79d14
https://copernicus-dem-30m.s3.amazonaws.com/Copernicus_DSM_COG_10_N41_00_E123_00_DEM/Copernicus_DSM_COG_10_N41_00_E123_00_DEM.tif,47754888,052e2aba3f15ca809bd2f4e50438e5eb
https://copernicus-dem-30m.s3.amazonaws.com/Copernicus_DSM_COG_10_N41_00_E124_00_DEM/Copernicus_DSM_COG_10_N41_00_E124_00_DEM.tif,45829731,4b57c7226536663fbbddce4ce5a0facd
https://copernicus-dem-30m.s3.amazonaws.com/Copernicus_DSM_COG_10_N41_00_E125_00_DEM/Copernicus_DSM_COG_10_N41_00_E125_00_DEM.tif,45009269,4fcc2ee23578ed716d61e2b76bbea95f
https://copernicus-dem-30m.s3.amazonaws.com/Copernicus_DSM_COG_10_N41_00_E126_00_DEM/Copernicus_DSM_COG_10_N41_00_E126_00_DEM.tif,44525364,07cb87cd542bc3055117a647ff5e5782
https://copernicus-dem-30m.s3.amazonaws.com/Copernicus_DSM_COG_10_N41_00_E127_00_DEM/Copernicus_DSM_COG_10_N41_00_E127_00_DEM.tif,42450659,c7264207a2ed9f3cbcf5a15e834d043a
https://copernicus-dem-30m.s3.amazonaws.com/Copernicus_DSM_COG_10_N41_00_E128_00_DEM/Copernicus_DSM_COG_10_N41_00_E128_00_DEM.tif,40831414,bbe0b418fc8e367c6913e287ea8ab9b2
https://copernicus-dem-30m.s3.amazonaws.com/Copernicus_DSM_COG_10_N41_00_E129_00_DEM/Copernicus_DSM_COG_10_N41_00_E129_00_DEM.tif,35221629,058bca9eaa4966e0ebb841c7bd601fd7
https://copernicus-dem-30m.s3.amazonaws.com/Copernicus_DSM_COG_10_N41_00_E130_00_DEM/Copernicus_DSM_COG_10_N41_00_E130_00_DEM.tif,98155,1eebc75a3a9c92edba638ff1a2630888
https://copernicus-dem-30m.s3.amazonaws.com/Copernicus_DSM_COG_10_N41_00_E139_00_DEM/Copernicus_DSM_COG_10_N41_00_E139_00_DEM.tif,257294,9bc24cffec4578b4e556aa8d06e396b7
https://copernicus-dem-30m.s3.amazonaws.com/Copernicus_DSM_COG_10_N41_00_E140_00_DEM/Copernicus_DSM_COG_10_N41_00_E140_00_DEM.tif,23795900,e95ee3a2c4e5652dd9c05524c146e535
https://copernicus-dem-30m.s3.amazonaws.com/Copernicus_DSM_COG_10_N41_00_E141_00_DEM/Copernicus_DSM_COG_10_N41_00_E141_00_DEM.tif,6860114,8e0e73b2db2ee7b60dee52f6c4bb748f
https://copernicus-dem-30m.s3.amazonaws.com/Copernicus_DSM_COG_10_N41_00_E143_00_DEM/Copernicus_DSM_COG_10_N41_00_E143_00_DEM.tif,310827,b70ce5d1c1afd7109ef3f32cc5597bb5
https://copernicus-dem-30m.s3.amazonaws.com/Copernicus_DSM_COG_10_N42_00_E122_00_DEM/Copernicus_DSM_COG_10_N42_00_E122_00_DEM.tif,43843712,a721f2caeae4b05faf29e96cf3c8ab48
https://copernicus-dem-30m.s3.amazonaws.com/Copernicus_DSM_COG_10_N42_00_E123_00_DEM/Copernicus_DSM_COG_10_N42_00_E123_00_DEM.tif,44741368,0454bbc1b939762e4da80b5c3d22c99d
https://copernicus-dem-30m.s3.amazonaws.com/Copernicus_DSM_COG_10_N42_00_E124_00_DEM/Copernicus_DSM_COG_10_N42_00_E124_00_DEM.tif,45976007,d4f9c4b0c41eed1a255ea99ca0b29f12
https://copernicus-dem-30m.s3.amazonaws.com/Copernicus_DSM_COG_10_N42_00_E125_00_DEM/Copernicus_DSM_COG_10_N42_00_E125_00_DEM.tif,43493874,fa359548d69c27c46661503c074cdb57
https://copernicus-dem-30m.s3.amazonaws.com/Copernicus_DSM_COG_10_N42_00_E126_00_DEM/Copernicus_DSM_COG_10_N42_00_E126_00_DEM.tif,43188308,06c3abeadd58d1fd0ff17d71b49f9b32
https://copernicus-dem-30m.s3.amazonaws.com/Copernicus_DSM_COG_10_N42_00_E127_00_DEM/Copernicus_DSM_COG_10_N42_00_E127_00_DEM.tif,42778018,64253142fc605cc1bf453492c6830940
https://copernicus-dem-30m.s3.amazonaws.com/Copernicus_DSM_COG_10_N42_00_E128_00_DEM/Copernicus_DSM_COG_10_N42_00_E128_00_DEM.tif,41965271,157618e91f667dfe74761409436d91f3
https://copernicus-dem-30m.s3.amazonaws.com/Copernicus_DSM_COG_10_N42_00_E129_00_DEM/Copernicus_DSM_COG_10_N42_00_E129_00_DEM.tif,44714059,29068f73d396429b0e66f54ce687322e
https://copernicus-dem-30m.s3.amazonaws.com/Copernicus_DSM_COG_10_N42_00_E130_00_DEM/Copernicus_DSM_COG_10_N42_00_E130_00_DEM.tif,32647489,884a22b1b97da211803db16b6d7b05f3
https://copernicus-dem-30m.s3.amazonaws.com/Copernicus_DSM_COG_10_N42_00_E131_00_DEM/Copernicus_DSM_COG_10_N42_00_E131_00_DEM.tif,7157263,0064b5bd6f06c467c983242805152261
https://copernicus-dem-30m.s3.amazonaws.com/Copernicus_DSM_COG_10_N42_00_E132_00_DEM/Copernicus_DSM_COG_10_N42_00_E132_00_DEM.tif,5612029,066717431233b8a592a83b83f18c6f8e
https://copernicus-dem-30m.s3.amazonaws.com/Copernicus_DSM_COG_10_N42_00_E133_00_DEM/Copernicus_DSM_COG_10_N42_00_E133_00_DEM.tif,9794904,9b37f18501c132b3e1b5ac211167ac41
https://copernicus-dem-30m.s3.amazonaws.com/Copernicus_DSM_COG_10_N42_00_E134_00_DEM/Copernicus_DSM_COG_10_N42_00_E134_00_DEM.tif,282652,9d0e2c85e33c0023329a6f4d3202ae5b
https://copernicus-dem-30m.s3.amazonaws.com/Copernicus_DSM_COG_10_N42_00_E139_00_DEM/Copernicus_DSM_COG_10_N42_00_E139_00_DEM.tif,5607693,a8cdcaeabb5a7b3179f052e60385ff16
https://copernicus-dem-30m.s3.amazonaws.com/Copernicus_DSM_COG_10_N42_00_E140_00_DEM/Copernicus_DSM_COG_10_N42_00_E140_00_DEM.tif,29999880,dd2976dc6e8d0a9273bbe961f66c1673
https://copernicus-dem-30m.s3.amazonaws.com/Copernicus_DSM_COG_10_N42_00_E141_00_DEM/Copernicus_DSM_COG_10_N42_00_E141_00_DEM.tif,22134622,dc7f491fe9d8d465813c852b97ed1753
https://copernicus-dem-30m.s3.amazonaws.com/Copernicus_DSM_COG_10_N42_00_E142_00_DEM/Copernicus_DSM_COG_10_N42_00_E142_00_DEM.tif,34283966,8fee43342b9727bfe522f0039072da78
https://copernicus-dem-30m.s3.amazonaws.com/Copernicus_DSM_COG_10_N42_00_E143_00_DEM/Copernicus_DSM_COG_10_N42_00_E143_00_DEM.tif,26287782,4655577f8c8535934dfa48df3e34fc6e
https://copernicus-dem-30m.s3.amazonaws.com/Copernicus_DSM_COG_10_N42_00_E144_00_DEM/Copernicus_DSM_COG_10_N42_00_E144_00_DEM.tif,1738378,3284cf7235c0705028f13ad0ca409646
https://copernicus-dem-30m.s3.amazonaws.com/Copernicus_DSM_COG_10_N42_00_E145_00_DEM/Copernicus_DSM_COG_10_N42_00_E145_00_DEM.tif,100067,172238917eacc4076303fdecdf2a247f
https://copernicus-dem-30m.s3.amazonaws.com/Copernicus_DSM_COG_10_N43_00_E122_00_DEM/Copernicus_DSM_COG_10_N43_00_E122_00_DEM.tif,41759280,ed50146d0ab1e70706877cdfd37a8c8d
https://copernicus-dem-30m.s3.amazonaws.com/Copernicus_DSM_COG_10_N43_00_E123_00_DEM/Copernicus_DSM_COG_10_N43_00_E123_00_DEM.tif,42772628,ab71711d1cc8d0fdcd81a699569750a7
https://copernicus-dem-30m.s3.amazonaws.com/Copernicus_DSM_COG_10_N43_00_E124_00_DEM/Copernicus_DSM_COG_10_N43_00_E124_00_DEM.tif,40995776,245bb5356e9726e4689647a71b4a36ef
https://copernicus-dem-30m.s3.amazonaws.com/Copernicus_DSM_COG_10_N43_00_E125_00_DEM/Copernicus_DSM_COG_10_N43_00_E125_00_DEM.tif,42647456,a11f228ad8b6fb4080b649085cd3293b
https://copernicus-dem-30m.s3.amazonaws.com/Copernicus_DSM_COG_10_N43_00_E126_00_DEM/Copernicus_DSM_COG_10_N43_00_E126_00_DEM.tif,43607790,a550f362a440d9633bf7dbfe2f59f9fa
https://copernicus-dem-30m.s3.amazonaws.com/Copernicus_DSM_COG_10_N43_00_E127_00_DEM/Copernicus_DSM_COG_10_N43_00_E127_00_DEM.tif,43449310,79459822ce2af4df4b832ad961a1d7ec
https://copernicus-dem-30m.s3.amazonaws.com/Copernicus_DSM_COG_10_N43_00_E128_00_DEM/Copernicus_DSM_COG_10_N43_00_E128_00_DEM.tif,42562908,e8f16176cf558178f67efc865876333b
https://copernicus-dem-30m.s3.amazonaws.com/Copernicus_DSM_COG_10_N43_00_E129_00_DEM/Copernicus_DSM_COG_10_N43_00_E129_00_DEM.tif,44016595,3c4ac156a299de075e5d1c63f48dde4e
https://copernicus-dem-30m.s3.amazonaws.com/Copernicus_DSM_COG_10_N43_00_E130_00_DEM/Copernicus_DSM_COG_10_N43_00_E130_00_DEM.tif,43635348,d6de4312ec4fd20b56abd99ee58d8530
https://copernicus-dem-30m.s3.amazonaws.com/Copernicus_DSM_COG_10_N43_00_E131_00_DEM/Copernicus_DSM_COG_10_N43_00_E131_00_DEM.tif,42972854,c2df7e63cca003f5cedd28e264c5be4e
https://copernicus-dem-30m.s3.amazonaws.com/Copernicus_DSM_COG_10_N43_00_E132_00_DEM/Copernicus_DSM_COG_10_N43_00_E132_00_DEM.tif,43013804,c45a4ec6fa5701663705c0c75cbb4a29
https://copernicus-dem-30m.s3.amazonaws.com/Copernicus_DSM_COG_10_N43_00_E133_00_DEM/Copernicus_DSM_COG_10_N43_00_E133_00_DEM.tif,44765189,a92eb8b65a54738b9eabbefe3a973f7d
https://copernicus-dem-30m.s3.amazonaws.com/Copernicus_DSM_COG_10_N43_00_E134_00_DEM/Copernicus_DSM_COG_10_N43_00_E134_00_DEM.tif,36417899,123ffbc9dd5bf1016837105943b3f0c6
https://copernicus-dem-30m.s3.amazonaws.com/Copernicus_DSM_COG_10_N43_00_E135_00_DEM/Copernicus_DSM_COG_10_N43_00_E135_00_DEM.tif,8726884,845e81b5f401128dfe84935b9d3b858c
https://copernicus-dem-30m.s3.amazonaws.com/Copernicus_DSM_COG_10_N43_00_E140_00_DEM/Copernicus_DSM_COG_10_N43_00_E140_00_DEM.tif,7938668,c5dab362d3565fd37685dcf57425c965
https://copernicus-dem-30m.s3.amazonaws.com/Copernicus_DSM_COG_10_N43_00_E141_00_DEM/Copernicus_DSM_COG_10_N43_00_E141_00_DEM.tif,32462026,4d500510e592a44576430647eb9e31fa
https://copernicus-dem-30m.s3.amazonaws.com/Copernicus_DSM_COG_10_N43_00_E142_00_DEM/Copernicus_DSM_COG_10_N43_00_E142_00_DEM.tif,45271575,e9acdce692986bab2a601d53083667d8
https://copernicus-dem-30m.s3.amazonaws.com/Copernicus_DSM_COG_10_N43_00_E143_00_DEM/Copernicus_DSM_COG_10_N43_00_E143_00_DEM.tif,45893543,c0e60409690eca2b6e62368f8478b58c
https://copernicus-dem-30m.s3.amazonaws.com/Copernicus_DSM_COG_10_N43_00_E144_00_DEM/Copernicus_DSM_COG_10_N43_00_E144_00_DEM.tif,45755064,d951899570aa69b99bfd976d93e7d7d0
https://copernicus-dem-30m.s3.amazonaws.com/Copernicus_DSM_COG_10_N43_00_E145_00_DEM/Copernicus_DSM_COG_10_N43_00_E145_00_DEM.tif,14153505,74685274100f3cbc6cad9529e756afb2
https://copernicus-dem-30m.s3.amazonaws.com/Copernicus_DSM_COG_10_N43_00_E146_00_DEM/Copernicus_DSM_COG_10_N43_00_E146_00_DEM.tif,2160642,9c50c5ade9c7af4b5570ab30b61a9da7
https://copernicus-dem-30m.s3.amazonaws.com/Copernicus_DSM_COG_10_N44_00_E122_00_DEM/Copernicus_DSM_COG_10_N44_00_E122_00_DEM.tif,40723676,4ba286006e6d4323695a6b4c11ace2fb
https://copernicus-dem-30m.s3.amazonaws.com/Copernicus_DSM_COG_10_N44_00_E123_00_DEM/Copernicus_DSM_COG_10_N44_00_E123_00_DEM.tif,39882749,6cb662da10c4a8cd510a4130d1379032
https://copernicus-dem-30m.s3.amazonaws.com/Copernicus_DSM_COG_10_N44_00_E124_00_DEM/Copernicus_DSM_COG_10_N44_00_E124_00_DEM.tif,39934353,3bc30dd591e8620173227410feb5a34c
https://copernicus-dem-30m.s3.amazonaws.com/Copernicus_DSM_COG_10_N44_00_E125_00_DEM/Copernicus_DSM_COG_10_N44_00_E125_00_DEM.tif,41489522,118a2ef8981ae4f6feb5243a1c3d9e13
https://copernicus-dem-30m.s3.amazonaws.com/Copernicus_DSM_COG_10_N44_00_E126_00_DEM/Copernicus_DSM_COG_10_N44_00_E126_00_DEM.tif,42292258,7b3593aa5f0c97ebbd752895993c3d33
https://copernicus-dem-30m.s3.amazonaws.com/Copernicus_DSM_COG_10_N44_00_E127_00_DEM/Copernicus_DSM_COG_10_N44_00_E127_00_DEM.tif,43798619,d5ae678f588f88a8b7d813c128d229e5
https://copernicus-dem-30m.s3.amazonaws.com/Copernicus_DSM_COG_10_N44_00_E128_00_DEM/Copernicus_DSM_COG_10_N44_00_E128_00_DEM.tif,42916583,7b47047449a250428b83f1a28ea3bb9b
https://copernicus-dem-30m.s3.amazonaws.com/Copernicus_DSM_COG_10_N44_00_E129_00_DEM/Copernicus_DSM_COG_10_N44_00_E129_00_DEM.tif,42768957,7d1d743dd41f89fd10024805891b3f36
https://copernicus-dem-30m.s3.amazonaws.com/Copernicus_DSM_COG_10_N44_00_E130_00_DEM/Copernicus_DSM_COG_10_N44_00_E130_00_DEM.tif,43389842,a158b5980bb3f7eed3528511340d1211
https://copernicus-dem-30m.s3.amazonaws.com/Copernicus_DSM_COG_10_N44_00_E131_00_DEM/Copernicus_DSM_COG_10_N44_00_E131_00_DEM.tif,43756028,f490d9f1077c860f84957a5fd3e4b934
https://copernicus-dem-30m.s3.amazonaws.com/Copernicus_DSM_COG_10_N44_00_E132_00_DEM/Copernicus_DSM_COG_10_N44_00_E132_00_DEM.tif,33554749,8cfe17f17f91d48041106140d9a0ec1d
https://copernicus-dem-30m.s3.amazonaws.com/Copernicus_DSM_COG_10_N44_00_E133_00_DEM/Copernicus_DSM_COG_10_N44_00_E133_00_DEM.tif,45240770,c899ba59995044303f49403df38d3ba0
https://copernicus-dem-30m.s3.amazonaws.com/Copernicus_DSM_COG_10_N44_00_E134_00_DEM/Copernicus_DSM_COG_10_N44_00_E134_00_DEM.tif,44298811,22b10e99b3c8305ee1dfb1af9f53ba87
https://copernicus-dem-30m.s3.amazonaws.com/Copernicus_DSM_COG_10_N44_00_E135_00_DEM/Copernicus_DSM_COG_10_N44_00_E135_00_DEM.tif,39885334,b47919ecad5eba49a79c7da36c6bd3b1
https://copernicus-dem-30m.s3.amazonaws.com/Copernicus_DSM_COG_10_N44_00_E136_00_DEM/Copernicus_DSM_COG_10_N44_00_E136_00_DEM.tif,8977269,ae9dd0b4a662c32ccd6409e80f654271
https://copernicus-dem-30m.s3.amazonaws.com/Copernicus_DSM_COG_10_N44_00_E141_00_DEM/Copernicus_DSM_COG_10_N44_00_E141_00_DEM.tif,14687773,ed23c23151709e065eb496251a0aeba3
https://copernicus-dem-30m.s3.amazonaws.com/Copernicus_DSM_COG_10_N44_00_E142_00_DEM/Copernicus_DSM_COG_10_N44_00_E142_00_DEM.tif,41858794,08997a7a420b4945400ad3c2accd995d
https://copernicus-dem-30m.s3.amazonaws.com/Copernicus_DSM_COG_10_N44_00_E143_00_DEM/Copernicus_DSM_COG_10_N44_00_E143_00_DEM.tif,14383742,530ddeb1711808b06613656e03b6142f
https://copernicus-dem-30m.s3.amazonaws.com/Copernicus_DSM_COG_10_N44_00_E144_00_DEM/Copernicus_DSM_COG_10_N44_00_E144_00_DEM.tif,1607782,1fc35118ebc20dc6c3e2655142f3b333
https://copernicus-dem-30m.s3.amazonaws.com/Copernicus_DSM_COG_10_N44_00_E145_00_DEM/Copernicus_DSM_COG_10_N44_00_E145_00_DEM.tif,4773578,f2a231657ecf2e15cb3104de1b94996d
https://copernicus-dem-30m.s3.amazonaws.com/Copernicus_DSM_COG_10_N44_00_E146_00_DEM/Copernicus_DSM_COG_10_N44_00_E146_00_DEM.tif,4884564,aab0a2bb626fa2780d54fb85ea6c9142
https://copernicus-dem-30m.s3.amazonaws.com/Copernicus_DSM_COG_10_N44_00_E147_00_DEM/Copernicus_DSM_COG_10_N44_00_E147_00_DEM.tif,5672838,7d6228e76ac4004fb3ea6ee92b9b48df
https://copernicus-dem-30m.s3.amazonaws.com/Copernicus_DSM_COG_10_N45_00_E122_00_DEM/Copernicus_DSM_COG_10_N45_00_E122_00_DEM.tif,40045194,42e01340b7f712f3479e1af6269ab84e
https://copernicus-dem-30m.s3.amazonaws.com/Copernicus_DSM_COG_10_N45_00_E123_00_DEM/Copernicus_DSM_COG_10_N45_00_E123_00_DEM.tif,38902739,4bab77a47a01792eed19b6485d2cddf2
https://copernicus-dem-30m.s3.amazonaws.com/Copernicus_DSM_COG_10_N45_00_E124_00_DEM/Copernicus_DSM_COG_10_N45_00_E124_00_DEM.tif,37848687,4570271d23ddf1ade919b981385196dd
https://copernicus-dem-30m.s3.amazonaws.com/Copernicus_DSM_COG_10_N45_00_E125_00_DEM/Copernicus_DSM_COG_10_N45_00_E125_00_DEM.tif,40679063,50a65f84318909069197dd0d4ff139ff
https://copernicus-dem-30m.s3.amazonaws.com/Copernicus_DSM_COG_10_N45_00_E126_00_DEM/Copernicus_DSM_COG_10_N45_00_E126_00_DEM.tif,41068519,775a6490f24661209a6568d39e9ab416
https://copernicus-dem-30m.s3.amazonaws.com/Copernicus_DSM_COG_10_N45_00_E127_00_DEM/Copernicus_DSM_COG_10_N45_00_E127_00_DEM.tif,43962487,a90d55267b63e32ce93ae5d0abf3467e
https://copernicus-dem-30m.s3.amazonaws.com/Copernicus_DSM_COG_10_N45_00_E128_00_DEM/Copernicus_DSM_COG_10_N45_00_E128_00_DEM.tif,44195735,704574aa04f8187361112f5fe3022f3a
https://copernicus-dem-30m.s3.amazonaws.com/Copernicus_DSM_COG_10_N45_00_E129_00_DEM/Copernicus_DSM_COG_10_N45_00_E129_00_DEM.tif,44104522,bedbec7f2c7485d6342e6f9768628a7d
https://copernicus-dem-30m.s3.amazonaws.com/Copernicus_DSM_COG_10_N45_00_E130_00_DEM/Copernicus_DSM_COG_10_N45_00_E130_00_DEM.tif,43694757,df8a1062b5e22a449b092a1e3590bd93
https://copernicus-dem-30m.s3.amazonaws.com/Copernicus_DSM_COG_10_N45_00_E131_00_DEM/Copernicus_DSM_COG_10_N45_00_E131_00_DEM.tif,42815111,fd1608aeec8bcd0f568be9ae83435e55
https://copernicus-dem-30m.s3.amazonaws.com/Copernicus_DSM_COG_10_N45_00_E132_00_DEM/Copernicus_DSM_COG_10_N45_00_E132_00_DEM.tif,31505081,9b8e183d8074cc54fc1a0d950ab16506
https://copernicus-dem-30m.s3.amazonaws.com/Copernicus_DSM_COG_10_N45_00_E133_00_DEM/Copernicus_DSM_COG_10_N45_00_E133_00_DEM.tif,44562341,f9eb5adfe043f16c80639bdedccd75ab
https://copernicus-dem-30m.s3.amazonaws.com/Copernicus_DSM_COG_10_N45_00_E134_00_DEM/Copernicus_DSM_COG_10_N45_00_E134_00_DEM.tif,45164786,1b75b135aa613388e4449199cfe7fc3b
https://copernicus-dem-30m.s3.amazonaws.com/Copernicus_DSM_COG_10_N45_00_E135_00_DEM/Copernicus_DSM_COG_10_N45_00_E135_00_DEM.tif,43952037,d18c771b068c759687c5a9244645eb82
https://copernicus-dem-30m.s3.amazonaws.com/Copernicus_DSM_COG_10_N45_00_E136_00_DEM/Copernicus_DSM_COG_10_N45_00_E136_00_DEM.tif,41618764,e487b39dbc0ce86443461a8272c32c8a
https://copernicus-dem-30m.s3.amazonaws.com/Copernicus_DSM_COG_10_N45_00_E137_00_DEM/Copernicus_DSM_COG_10_N45_00_E137_00_DEM.tif,14488551,eff56a3b19f71dbb17b4db4199ce325f
https://copernicus-dem-30m.s3.amazonaws.com/Copernicus_DSM_COG_10_N45_00_E140_00_DEM/Copernicus_DSM_COG_10_N45_00_E140_00_DEM.tif,179053,a3e7593e313b5ae6db66d10a3633cfea
https://copernicus-dem-30m.s3.amazonaws.com/Copernicus_DSM_COG_10_N45_00_E141_00_DEM/Copernicus_DSM_COG_10_N45_00_E141_00_DEM.tif,10469003,4d59c38beae23de41bbfc9b2d7873826
https://copernicus-dem-30m.s3.amazonaws.com/Copernicus_DSM_COG_10_N45_00_E142_00_DEM/Copernicus_DSM_COG_10_N45_00_E142_00_DEM.tif,7101066,4aadf790c69fd363b1726592627dce09
https://copernicus-dem-30m.s3.amazonaws.com/Copernicus_DSM_COG_10_N45_00_E147_00_DEM/Copernicus_DSM_COG_10_N45_00_E147_00_DEM.tif,5133232,859923f74971c1589710d39c18810379
https://copernicus-dem-30m.s3.amazonaws.com/Copernicus_DSM_COG_10_N45_00_E148_00_DEM/Copernicus_DSM_COG_10_N45_00_E148_00_DEM.tif,6419504,b7f0a1a6e2815b53c98bc89b359edc01
https://copernicus-dem-30m.s3.amazonaws.com/Copernicus_DSM_COG_10_N45_00_E149_00_DEM/Copernicus_DSM_COG_10_N45_00_E149_00_DEM.tif,4475181,d927d4d910c74e1b529d492c6c6cff3a
https://copernicus-dem-30m.s3.amazonaws.com/Copernicus_DSM_COG_10_N45_00_E150_00_DEM/Copernicus_DSM_COG_10_N45_00_E150_00_DEM.tif,1254442,680e7db825d321315167286f1c7d3bcd
https://copernicus-dem-30m.s3.amazonaws.com/Copernicus_DSM_COG_10_N46_00_E122_00_DEM/Copernicus_DSM_COG_10_N46_00_E122_00_DEM.tif,40719992,61dda4f050e0c189709637cedb81c62b
https://copernicus-dem-30m.s3.amazonaws.com/Copernicus_DSM_COG_10_N46_00_E123_00_DEM/Copernicus_DSM_COG_10_N46_00_E123_00_DEM.tif,39522914,212a2be8e9ef5323fad671bd149735c3
https://copernicus-dem-30m.s3.amazonaws.com/Copernicus_DSM_COG_10_N46_00_E124_00_DEM/Copernicus_DSM_COG_10_N46_00_E124_00_DEM.tif,37468180,6a8bd69a45dec5db34dd646218b41ec5
https://copernicus-dem-30m.s3.amazonaws.com/Copernicus_DSM_COG_10_N46_00_E125_00_DEM/Copernicus_DSM_COG_10_N46_00_E125_00_DEM.tif,38570126,e77990b6a166b49b40e0a24fc3db2353
https://copernicus-dem-30m.s3.amazonaws.com/Copernicus_DSM_COG_10_N46_00_E126_00_DEM/Copernicus_DSM_COG_10_N46_00_E126_00_DEM.tif,40470389,223b32b0646a9a32bd0ce452c6cacce6
https://copernicus-dem-30m.s3.amazonaws.com/Copernicus_DSM_COG_10_N46_00_E127_00_DEM/Copernicus_DSM_COG_10_N46_00_E127_00_DEM.tif,42385891,15ad4e4200f4262a2bc799214960460f
https://copernicus-dem-30m.s3.amazonaws.com/Copernicus_DSM_COG_10_N46_00_E128_00_DEM/Copernicus_DSM_COG_10_N46_00_E128_00_DEM.tif,44567256,76742f5d09d0040951899ac45a77e0f7
https://copernicus-dem-30m.s3.amazonaws.com/Copernicus_DSM_COG_10_N46_00_E129_00_DEM/Copernicus_DSM_COG_10_N46_00_E129_00_DEM.tif,43891879,87f0dc002c47054e83252da079cfa422
https://copernicus-dem-30m.s3.amazonaws.com/Copernicus_DSM_COG_10_N46_00_E130_00_DEM/Copernicus_DSM_COG_10_N46_00_E130_00_DEM.tif,42635423,a615011939df93a37b0dbc03582d5aca
https://copernicus-dem-30m.s3.amazonaws.com/Copernicus_DSM_COG_10_N46_00_E131_00_DEM/Copernicus_DSM_COG_10_N46_00_E131_00_DEM.tif,43864054,4106ff2976f024188613dd626d3bf719
https://copernicus-dem-30m.s3.amazonaws.com/Copernicus_DSM_COG_10_N46_00_E132_00_DEM/Copernicus_DSM_COG_10_N46_00_E132_00_DEM.tif,43300260,964ccf804fff63be57743c3a19d00f80
https://copernicus-dem-30m.s3.amazonaws.com/Copernicus_DSM_COG_10_N46_00_E133_00_DEM/Copernicus_DSM_COG_10_N46_00_E133_00_DEM.tif,45874427,40d6309a79ff822c7c47fa8921b7c71a
https://copernicus-dem-30m.s3.amazonaws.com/Copernicus_DSM_COG_10_N46_00_E134_00_DEM/Copernicus_DSM_COG_10_N46_00_E134_00_DEM.tif,46683529,fba3824eb9b57836622e1adf1b3e8acc
https://copernicus-dem-30m.s3.amazonaws.com/Copernicus_DSM_COG_10_N46_00_E135_00_DEM/Copernicus_DSM_COG_10_N46_00_E135_00_DEM.tif,44975109,067b9a3601ab994cd4b5379a3ad9ccb1
https://copernicus-dem-30m.s3.amazonaws.com/Copernicus_DSM_COG_10_N46_00_E136_00_DEM/Copernicus_DSM_COG_10_N46_00_E136_00_DEM.tif,43009322,e63f9944d6f38811f9d4e82477df338f
https://copernicus-dem-30m.s3.amazonaws.com/Copernicus_DSM_COG_10_N46_00_E137_00_DEM/Copernicus_DSM_COG_10_N46_00_E137_00_DEM.tif,42678242,82a26644acaaf0a80222f5cb95f3317a
https://copernicus-dem-30m.s3.amazonaws.com/Copernicus_DSM_COG_10_N46_00_E138_00_DEM/Copernicus_DSM_COG_10_N46_00_E138_00_DEM.tif,11681685,d1241f598be226bb0e4dc48397b99975
https://copernicus-dem-30m.s3.amazonaws.com/Copernicus_DSM_COG_10_N46_00_E141_00_DEM/Copernicus_DSM_COG_10_N46_00_E141_00_DEM.tif,5701374,f8247a37e9032c28f7403763f5a62ec1
https://copernicus-dem-30m.s3.amazonaws.com/Copernicus_DSM_COG_10_N46_00_E142_00_DEM/Copernicus_DSM_COG_10_N46_00_E142_00_DEM.tif,26455635,0cbd6fb0e307f351cd0b2328d6616e23
https://copernicus-dem-30m.s3.amazonaws.com/Copernicus_DSM_COG_10_N46_00_E143_00_DEM/Copernicus_DSM_COG_10_N46_00_E143_00_DEM.tif,9775399,8db70ff415e67b0cfcbc0b6d61103717
https://copernicus-dem-30m.s3.amazonaws.com/Copernicus_DSM_COG_10_N46_00_E149_00_DEM/Copernicus_DSM_COG_10_N46_00_E149_00_DEM.tif,184446,30f5c323a629e1ca5b2a1ae0528bfcec
https://copernicus-dem-30m.s3.amazonaws.com/Copernicus_DSM_COG_10_N46_00_E150_00_DEM/Copernicus_DSM_COG_10_N46_00_E150_00_DEM.tif,2965678,ac7c527a139c829ebf45490f680df521
https://copernicus-dem-30m.s3.amazonaws.com/Copernicus_DSM_COG_10_N46_00_E151_00_DEM/Copernicus_DSM_COG_10_N46_00_E151_00_DEM.tif,1074147,a94f74c1360996c99ba1186510c2db51
https://copernicus-dem-30m.s3.amazonaws.com/Copernicus_DSM_COG_10_N46_00_E152_00_DEM/Copernicus_DSM_COG_10_N46_00_E152_00_DEM.tif,455847,bf74018e75915b383e30485d9ae73d68
